,case_id
4,57ad1fe7c2265c04d1192a41
7,57ad1ff0c2265c04d1192acc
80,57ace688c2265c28a56daa2e
87,57af6142c2265c4cb2d2da52
135,57ace859c2265c04d116bf17
141,57acf360c2265c258990ffb5
152,57aa2224c2265c2589755c4a
214,57ba82b6c2265c5f452b9c2c
222,57ab8b77c2265c04d108ee7a
231,57ba82dfc2265c5f452b9d4e
256,57ba866fc2265c5f452bb732
331,57baf6edc2265c5f452ef1de
415,58121fe12f12c63192cbf4bd
476,57acea75c2265c2589909050
498,57aa2e66c2265c258975c8f1
563,57aceb15c2265c04d116ddf1
570,57acf21fc2265c258990ec88
582,57acf2a4c2265c04d11734b0
592,57baf520c2265c5f452ee7da
598,57ad13cdc2265c04d118be43
609,57abe222c2265c2589861522
647,57aa64f5c2265c28a55524e6
648,57ad13e8c2265c04d118bf71
651,57acf35dc2265c258990ff9c
758,57ac338fc2265c04d10f66ce
764,57ac3387c2265c04d10f6673
769,57aa557fc2265c04d1fd6054
780,58113e502f12c63192b53296
782,57aa5581c2265c04d1fd6073
817,57b98fd0c2265c0f88cc7097
857,58104eeb2f12c631927e316e
886,57ace9a5c2265c04d116ce1c
954,57aceac0c2265c25899092d2
997,57b9848fc2265c0f88cc1019
1022,57a5ea28c2265c04d1d9278d
1025,57baba1ec2265c5f452d2ca3
1030,57a951b9c2265c28a54c30b9
1052,5810f44e2f12c631929a92a5
1092,57a7f955c2265c04d1eac89b
1095,580dcbe9b9ca96490c6b557e
1127,57a7f97bc2265c04d1eac9c4
1238,580f4b922f12c60603ed1e21
1244,57bd854fc2265c4f9382b85e
1250,581138812f12c63192b3e246
1370,5810a5bf2f12c631928c8a54
1405,57bc58f3c2265c0b819d1289
1428,5810a6d22f12c631928caecf
1457,57af9234c2265c7c629686fb
1506,57a91ef9c2265c04d1f39a55
1514,57a91e8ec2265c04d1f39850
1580,581036ce2f12c6319279a484
1634,58101ac02f12c631927482c2
1646,58101c632f12c6319274cd69
1757,57a965a1c2265c25896fbae0
1864,57a91f41c2265c28a54a9f84
1871,5810d50b2f12c63192936a1b
1872,57bd7e2cc2265c4f93828ed7
1877,57a91ed9c2265c28a54a9d77
1968,57a72088c2265c04d1e2d5f4
1979,581080672f12c6319286dc93
1983,58101d232f12c6319274f257
2022,581110dd2f12c63192a03c8d
2054,5810d3b42f12c63192931041
2066,57a7385ac2265c28a53ac4b4
2068,5810442e2f12c631927c1b15
2132,57a7508bc2265c04d1e48e07
2143,57a9976dc2265c28a54e3846
2175,57b427c9c2265c2f5fd6ceea
2205,57af87e0c2265c7bd4e47f2e
2208,5ade1696e13823caca0bf049
2221,57a811f1c2265c28a5426943
2254,5810d3af2f12c63192930d87
2275,588a09ca8fb97c1db3e196a7
2357,57a953c8c2265c04d1f53cbe
2376,57a91c0bc2265c04d1f37fc8
2390,57a91ebbc2265c28a54a9c8d
2407,57a91c05c2265c28a54a8479
2440,57bca640c2265c3c09d7563a
2442,5a594f63e1382313cb9e9659
2459,5810ef252f12c63192999815
2486,5811628d2f12c63192be19f7
2551,58115fc42f12c63192bd8828
2579,5bc810aa052622504ece8564
2614,57af484ac2265c7c6294467e
2646,581183842f12c63192c258dd
2693,5811568f2f12c63192bb1860
2740,58650c098a860383c4268871
2759,57a6f79ec2265c28a5389574
2761,57a97eb3c2265c04d1f6a1f9
2841,57a91c08c2265c28a54a849a
2852,581105ed2f12c631929dffb8
2905,57af484cc2265c7c6294469a
2936,57a73afec2265c28a53ada76
2946,57a93556c2265c28a54b52a9
2966,57a91d18c2265c04d1f38964
2980,57a91d11c2265c04d1f388fa
3037,57a9c23bc2265c25897215ae
3051,57a91db1c2265c25896d6ea8
3081,57a7370ec2265c25895d8914
3128,581182df2f12c63192c24f35
3132,57a8fad4c2265c28a54999c2
3204,57a91d09c2265c04d1f3886f
3208,57a82e21c2265c04d1ec6779
3225,57a91db6c2265c25896d6ee4
3260,57a965bcc2265c25896fbbdf
3276,57a91d28c2265c04d1f38a32
3301,57a91dbec2265c25896d6f2f
3308,57af3afbc2265c4cb2d1e6e0
3324,57a91cb5c2265c04d1f385b2
3340,57b3948ac2265c3129807d05
3369,580dcbf9b9ca96490c6b5eaa
3373,58118a752f12c63192c2e85e
3376,58118b0d2f12c63192c2f755
3431,58118b0d2f12c63192c2f753
3440,58113d052f12c63192b4f932
3463,58892437f7a31443fe4fa68a
3466,57b16230c2265c11493d9309
3469,57a91de5c2265c28a54a94b8
3498,580dcbf9b9ca96490c6b5e83
3582,59624b5ff75d3fed348e81ab
3587,580dcbf9b9ca96490c6b5e9e
3608,57a73733c2265c28a53ab80a
3609,57a91d5bc2265c28a54a8ff9
3618,57a9247ec2265c04d1f3cb00
3625,57a91d21c2265c04d1f389d9
3638,57b16f1fc2265c08f3f93021
3681,57a7373cc2265c28a53ab864
3686,57a817fcc2265c2589658a3c
3709,584ed5852f12c65e4838338f
3744,57a91ea8c2265c28a54a9c08
3759,57a8ff10c2265c28a549b6cc
3760,57a96534c2265c25896fb777
3772,57a9629fc2265c28a54cc334
3778,584ed5dc2f12c65e483834f9
3794,57a75013c2265c04d1e48a4d
3819,57a745e7c2265c25895e0f6f
3824,57b14848c2265c11493c8a11
3839,5a4e8a3ce13823b4bbc78784
3894,57bd94d7c2265c4f938330e8
3920,57a85941c2265c04d1edc11a
3937,5862abeec3666e4bc3a85c48
3946,57b16f4dc2265c08f3f93140
3949,57a8ff10c2265c28a549b6d6
3955,57a7159bc2265c04d1e26ff2
3965,57a8171ec2265c04d1ebb680
4069,57a9629fc2265c28a54cc33b
4083,57a73d58c2265c04d1e3d620
4092,57a951bfc2265c28a54c30e4
4159,57a90290c2265c25896caf93
4178,57a91aebc2265c25896d52c5
4182,57a81887c2265c258965909d
4202,57bd06ffc2265c4f937f5167
4212,57a91d7cc2265c28a54a916d
4214,57a817f7c2265c25896589f2
4217,57f7b0992f12c61c0883766c
4278,57bca5eac2265c3c09d754e5
4295,57a817ebc2265c258965896c
4417,57af86b0c2265c7bd4e47325
4422,57af8ccfc2265c7bd4e4b615
4433,57b05473c2265c18afea3d4d
4434,57bcaccdc2265c3c09d791c5
4439,57f6a00a2f12c61c0877c90e
4451,57bcacbfc2265c3c09d790c6
4516,5865bdb58a860383c4271bf1
4522,57b00c31c2265c7bd4ea2a47
4525,5865bd9a8a860383c4271b2c
4531,5865bdce8a860383c4271c8a
4538,5882a8a5c2265c5a4b327011
4561,57b33069c2265c31297bf616
4563,588e5930c5480e2eb718a017
4579,57f6a0082f12c61c0877c8cc
4593,57b14cb7c2265c4d04a543bb
4594,582721092f12c65b4adaf7a3
4610,58d168b8c3666e0c252b3ad3
4639,5ca56b8b83379e42cc15d766
4653,57b3bf32c2265c3129824f61
4662,57bcacc8c2265c3c09d7916b
4668,595dd479f75d3f06bb8a044e
4678,57b06b74c2265c7c629ffaea
4682,57b141d2c2265c4d04a4b9ad
4686,57bb39dec2265c6336e64686
4689,57b1993ac2265c11493fe944
4690,586e88c6c2265c4f412097b9
4708,57bcac9cc2265c3c09d78e95
4717,57b15753c2265c4d04a5c84f
4736,57b1f871c2265c1149445f6d
4761,5826e4432f12c65b4ad7c4a6
4764,57c0a8c3c2265c69d1623918
4766,5808c1a42f12c606002cab1b
4769,57f6a2e42f12c61c0877f211
4779,582710212f12c65b4ada20d0
4783,57f6a2e72f12c61c0877f25d
4809,57f6a31e2f12c61c0877f398
4835,57b31323c2265c322870f157
4846,57fa1b4d2f12c63bb843599b
4847,5826818c2f12c65b4ad29fd9
4851,5badb89296559408aea1c593
4861,57f6a31e2f12c61c0877f3a1
4871,57b2b75cc2265c2f5fc4980b
4874,57ce34e2c2265c62d32ac3bd
4879,57fa1b482f12c63bb84358fd
4880,57b2b75ac2265c2f5fc497df
4897,57f6a31f2f12c61c0877f3cc
4900,57f6a3242f12c61c0877f429
4911,5865d8f98a860383c427ca84
4912,591dcfabe138236acc199fa2
4914,5826a4582f12c65b4ad4830b
4920,5826e43d2f12c65b4ad7c3ef
4931,57f6a2e72f12c61c0877f25f
4935,57b2533ec2265c4d04b331bd
4937,57b34901c2265c2f5fcc0154
4989,57b38ebcc2265c3228769b31
5006,5826c3572f12c65b4ad5faff
5018,57b37a77c2265c2f5fcea583
5026,583d38672f12c62d967fe3d1
5029,57b23245c2265c1149470c50
5039,59038527c3666e64c386d381
5058,5858b4f5c3666ebc976d453c
5068,57b22bd5c2265c114946b560
5070,57f6e22c2f12c61c087a979a
5085,5842bdd52f12c650631735eb
5096,595bf40ac3666eae19a295a9
5107,5a59cdb9e13823b98a751086
5113,588ff923a69295451bba007b
5121,57b36292c2265c31297e3f39
5124,588ff8dfa69295451bb9ffe7
5126,57b33f21c2265c31297c9b77
5131,57b362d3c2265c31297e42bd
5138,595bf40ac3666eae19a295a8
5148,57b3e9dac2265c2f5fd413dc
5166,57f750722f12c61c087f4d5e
5192,57b33097c2265c32287231a6
5204,5a59b530e138230d0c2b7e3d
5208,58665a558a860383c42bade2
5238,5a59b530e138230d0c2b7e3b
5245,57ce33f7c2265c1af31b703c
5250,5a59b545e138230d0c2b7e83
5261,58ae2f54c3666e40c5399e1a
5321,5833f0c32f12c6784e9b91aa
5344,5eddcc9e21923f389f67d3a5
5372,596783b0f75d3fbf02dc6c26
5425,57b3e8ddc2265c312983fd00
5427,5eddccbe21923f389f685d49
5438,57f78b862f12c61c0881b420
5442,57de3c042f12c643320e0ab1
5451,57f6a0662f12c61c0877d02c
5456,583414122f12c6784e9c5687
5468,588e5a5d100167020318e5e7
5474,57bb3700c2265c6336e62762
5475,5a6181b4e1382317a6156b57
5492,584f0fcb2f12c65e4839f4b9
5498,57b5eedac2265c4546a31abf
5521,59169882e13823a1fc90125c
5529,593663d6e138230d781668e6
5591,58efc347c3666e6869552566
5595,57fc64fc2f12c6064df6ab4f
5597,583c1df22f12c63dcf91b6d8
5614,5842bdc52f12c6506317354d
5628,583c1ef32f12c63dcf91c59d
5656,586cfa13c2265c6ef904b7cc
5661,596d6d18c3666e191a80fd3f
5662,59b43a21c3666e31ebf9bab2
5695,590f4dd8c3666e025c03c728
5696,586cf97cc2265c6ef904b61c
5706,58340be42f12c6784e9c27ac
5724,58340d292f12c6784e9c2d0d
5754,583ba28a2f12c64842e42db5
5758,58340cb92f12c6784e9c2a49
5805,583ba2292f12c64842e42ae1
5844,588f96545a0d8472520fb9b5
5865,59edef22e138230a87cbef0e
5878,599765dce138231f38ef7d66
5887,586d8a63c2265c6ef904ee5d
5891,584f4e872f12c65e483cd1fd
5894,5862c442c3666e4bc3a906aa
5898,586dbb48c2265c6ef905b053
5903,5862c48fc3666e4bc3a9091b
5908,586e883bc2265c4f412095f5
5921,586e88acc2265c4f41209768
5946,5a9ed031e13823871eb43c98
5986,58b46cffc3666e8369c0a084
5988,5874e09ac2265c2da86a004b
6020,5865b8568a860383c426fc57
6032,596eb6e0c3666e42c15a83d2
6048,59370200e13823337b595cba
6059,593701b5e13823337b595b3d
6081,58bda6c2c3666e1f930b518b
6087,58b5bb38c3666e1edd55fd6b
6090,58d417e0c3666e58695c4c3e
6183,59edf20ae138230a87cbf930
6184,59edf20ae138230a87cbf92f
6186,59edf20fe138230a87cbf93e
6188,59edf21ae138230a87cbf96c
6201,59edf1f5e138230a87cbf8bd
6209,59edf20fe138230a87cbf93d
6217,59edf20ae138230a87cbf92d
6221,5967db53f75d3fbf02dcf6f2
6227,58f10f6cc3666e659cc907fb
6233,59edf20ae138230a87cbf92e
6236,59edf20ae138230a87cbf92c
6237,59edf201e138230a87cbf904
6238,58f50a2fc3666e0d9662b894
6243,595ee17bf75d3f7286d4acf5
6259,595ee28ff75d3f7286d4ae18
6260,595ee2a7f75d3f7286d4ae58
6263,595ee0bdf75d3f7286d4abe3
6269,5a616e06e1382317a6154f15
6316,5970110ac3666e0976eda40b
6322,5929fa60e138238f0e3dea48
6348,595c2b97c3666eae19a3042b
6356,5a2d7fd3e138235fd726ad60
6364,5a2d8128e138235fd726b22c
6411,5a5b0e47e13823b98a77069e
6419,5a188591e13823a98c23f253
6459,5a5b0e32e13823b98a770651
6478,5a38a32ee138231252d434b9
6480,5a290f59e1382327972f1b08
6483,5bae752ddc9c5352aecfd3f8
6493,5bc936aa0526222a4584445c
6494,59bf602be138236466e6822d
6525,5a248bc9e1382342a4fe0c8e
6535,5a173867e13823d7213ecd3e
6548,5a9757dfe13823dfa0bf7375
6556,5a248bbee1382342a4fe0c78
6582,5a25941ae13823086c9317b6
6638,5ee070a93edbe71b2f6f1e9b
6640,5a62b653e13823a583b7f590
6641,5ee07b403edbe71b2f96c574
6643,5ee078793edbe71b2f8c8ba3
6644,5b9a2a62c7403174bbeb3938
6647,5ec932a53cdef0087ebe4c18
6655,5ec82e5e7116c36f1b750ef5
6674,5ec829047116c36f1b54c118
6683,5ee07f443edbe71b2fa37a75
6690,5b3b7365e1382301a89e31a4
6697,5ee07e2f3edbe71b2fa044d4
6710,5ec932a53cdef0087ebe4be6
6721,5ee071463edbe71b2f71a013
6743,5aff56cde13823c345757e7d
6779,5b9f48920bcd89285444f6ae
6792,5bc454900526221aae6ac471
6841,5ba4e80a965594783a6fd620
6852,5ec803e97116c36f1b839358
6897,5ec9354f3cdef0087edc2cec
6918,5ec935473cdef0087edbe192
6920,5bd2a7c65889af78c8a67bf0
6930,5ec935473cdef0087edbe0b5
6932,5ec935473cdef0087edbe684
6934,5ec935473cdef0087edbdff8
6936,5b98f132c7403174bbdee84b
6937,5ec935473cdef0087edbe10e
6939,5ec935473cdef0087edbe027
6942,5ec935473cdef0087edbe085
6994,5d2ac9b28459aa7f2bd62807
7116,5ced383f6f6d8055b0ba5710
7120,5ced38426f6d8055b0ba5790
7122,5ced383f6f6d8055b0ba5721
7124,5ced38376f6d8055b0ba559e
7126,5ced38426f6d8055b0ba579d
7135,5ced383f6f6d8055b0ba571d
7156,5eb653a54c8f096c0891f4bb
7204,5e9824fd3d41697368368d0b
7228,5e0e79381b73de1da4062126
7280,5df32165a8341717e2fa8583
7288,57b97be6c2265c0f88cbbd94
7296,57baf79ec2265c5f452ef8a0
7299,57baf84cc2265c5f452ef9c8
7325,57af99fbc2265c7bd4e54f6b
7334,57af99adc2265c7bd4e54b5a
7359,59038535c3666e64c386d43b
7561,57b2c8f7c2265c32286d8c5c
7592,5b3dd7eee13823113cd76541
7594,57b2697ac2265c4d04b474fc
7620,5938c3d5e138230c2e4525bd
7626,5938c3d5e138230c2e4525be
7642,583c0c422f12c63dcf90f307
7671,58fe4b33c3666e72c0501561
7701,57de83112f12c64332105b66
7706,57b3e8ddc2265c312983fd05
7878,584f26dc2f12c65e483aeffc
7969,585cfd0dc3666eca4a5bafb7
8013,58bda37dc3666e1f930b2847
8042,58666f9b8a860383c42c1954
8085,58967d5af75d3f473e8a853d
8157,5a5a66a0e1382313cba11855
8187,5a5a6696e1382313cba11842
8189,5a5a6695e1382313cba1183a
8197,5a5a66a0e1382313cba11857
8206,5a5a6695e1382313cba11839
8229,5a5a6695e1382313cba11834
8242,5a5a66a0e1382313cba11856
8269,5a5a669fe1382313cba11846
8281,59797c48c3666ec49bc977ab
8288,5a5a669fe1382313cba1184a
8298,595bfe95c3666eae19a2ae72
8305,5a1b00c4e13823a98c24993d
8355,58d2cd94c3666e46fced6658
8383,59b6c465c3666e31eb001a71
8604,5a5a8abae13823b98a7625ad
8616,5a5a8ad0e13823b98a7625e3
8673,58e7dffcc3666e3c16c97094
8688,5a5a8abae13823b98a7625af
8732,59ca1a76e13823ef906f365c
8749,59627641f75d3fed348efc5d
8772,59ca1a76e13823ef906f365d
8781,59c7f8afe1382325015d634b
8799,59c7f931e1382325015d6535
8828,59c7f97ae1382325015d6646
8830,5ec8026f7116c36f1b7c1290
8839,59c7f949e1382325015d65b6
8866,59c7f8ffe1382325015d6483
8875,59c7f8dbe1382325015d63e7
8901,59c7f931e1382325015d6536
8913,59c7f931e1382325015d6537
8918,59c7f984e1382325015d6660
8974,5972bbc1c3666e4781eae0a2
8984,5972bbacc3666e4781eadff7
9029,5ec831f57116c36f1b823c08
9079,5972bbacc3666e4781eadff8
9157,59b2ecd7c3666e31ebf7cbf2
9217,59c7380de1382325015c839a
9225,59c73898e1382325015c8411
9248,5a5bf3dce1382313cba40f93
9291,5a188591e13823a98c23f251
9322,59bfd1d6e1382368659f7464
9340,59bfd1d6e1382368659f7463
9437,59eeb2e9e13823cd04a5d3f3
9484,5a37e672e138230afac2b9c1
9485,5ab542a7e138238774e8c043
9494,5b0f883ee138234b8a2e28dc
9501,5aeed313e138231a0d4492ee
9510,5b0bd362e1382318b82505ca
9550,59c01c2de1382368659ff673
9718,5ab54ab5e138238774e8eacb
9860,5b0f97fce138234b8a2e4171
10041,5ee078013edbe71b2f8afa3d
10154,5b100d03e138232e9c81715b
10190,5a70c3dbe1382382164ddeb9
10216,5a831e47e1382347a2d4865e
10224,5b2ab251e13823507ba55437
10274,5a98a543e138230cbcdde4f2
10277,5b9f49bc0bcd892854450e6b
10298,5b9f49bc0bcd892854450e6a
10301,5b377710e1382391549ed8b5
10311,5b377709e1382391549ed8ac
10338,5b4dbe08e13823611c803a17
10391,5ec80e517116c36f1bc02887
10437,5b2a9397e13823a11541ef15
10446,5b9aba48c7403174bbf51606
10465,5b9aba48c7403174bbf51608
10489,5b200621e138237a60224227
10670,5b99e5f2c7403174bbe703e8
10687,5b99e5f2c7403174bbe703e9
10761,5b99e5f2c7403174bbe703ea
10778,5b99e5f2c7403174bbe703e7
10829,5c9ff7a397153c3aa0a7072e
10928,5bf4af38c630963ef45e50eb
10937,5c9b6c0d3ff5e6628b3d707f
11006,5ec82f8d7116c36f1b79124c
11014,5c7e03feee8d4a18f657a64c
11031,5c77cbd7ee8d4a683ff0430c
11039,5e7250c2f160574ecff614d1
11087,5da8e041a24985727566cfaa
11142,5ee077a63edbe71b2f897c8b
11154,5cf1b5d42dd6ef6bf0a60332
11204,5cf483b44daa5307a3f7509e
11218,5cf4eeec4daa5307a302d370
11277,5ec89dca401b50298427d5fb
11278,5ee0727c3edbe71b2f761dd6
11287,5ec89f7c401b5029843be0a1
11288,5da7705ea249857275433fdd
11308,5ec89713401b502984f829b4
11340,5ec89712401b502984f8282b
11353,5eab18fca4ee692be47ff62c
11368,5da6cf24a24985727532e65f
11386,5ead58b56345a24efaf6f129
11387,5da6cf24a24985727532e662
11388,5e992ed561e3ab567ffd67bb
11393,5ea84f99c0a9fd6a86186ffd
11394,5da6d6d7a24985727533d63e
11401,5eab190da4ee692be47ff6f4
11436,5f97c9db0d8fec5359238c1e
11440,5ee0733d3edbe71b2f78fb75
11442,5ec937923cdef0087ef074e8
11443,5ec92fcc3cdef0087eab3daf
11452,5e084b36801d41594a1114d3
11454,5e0476fa8bcca63abacbc8ef
11462,5ec9397a3cdef0087efb491d
11472,5ec930433cdef0087eadf27c
11480,5ec92a253cdef0087e867e32
11485,5ec9393f3cdef0087ef9e7fd
11487,5ec938a53cdef0087ef6acc8
11493,5ece2428a377db0347f3dedc
11501,5e084a07801d41594a110431
11596,5df5badbab936e46149a2452
11618,5ece1e9fa377db0347e78bc4
11623,5ec932443cdef0087ebad3f2
11640,5ec932443cdef0087ebad3f8
11646,5ec93b8b3cdef0087e0709d7
11649,5ece20f7a377db0347ecac0a
11757,5eab0c54a4ee692be47f44f0
11763,5eab0d4ca4ee692be47f51b1
11822,57a9629ac2265c25896f9f7a
11867,57c88a46c2265c2da5352576
11877,5858a23cc3666ebc976cc48f
11885,5bae31fbdc9c5352aec87f75
11915,5858a23ac3666ebc976cc479
11941,57a85873c2265c2589678ed5
11942,57b34822c2265c31297cfc3b
11950,57a91f46c2265c28a54a9fa5
11968,58272e3d2f12c65b4adbacd3
12006,57a945cbc2265c28a54bde1f
12028,57bca5ecc2265c3c09d75517
12036,57b22790c2265c08f3019067
12060,57a7373dc2265c28a53ab875
12064,57a91e9bc2265c28a54a9bd3
12080,57a91db7c2265c25896d6eed
12114,57a91ee9c2265c28a54a9ded
12115,5854e8f2c3666e51bd63ae25
12119,595bf07ac3666eae19a28c39
12166,57c096a8c2265c69d161f36d
12209,57a7d0e1c2265c28a5403938
12212,57c096a8c2265c69d161f36e
12229,57b20e8ec2265c1149455c3f
12267,57b3e83ac2265c2f5fd402b8
12280,5826a24b2f12c65b4ad45fe3
12282,58574d598a8603113e4b491b
12325,57a96da9c2265c25897001d5
12336,57f783282f12c61c08815250
12360,57af8347c2265c7c6295ef86
12388,57b1fa75c2265c1149447653
12446,59bc52d0e138232bac90352e
12464,5b3b49ede1382301a89dace2
12488,57af7c8fc2265c7c6295a820
12530,57b211c1c2265c11494587e1
12553,57afaa5bc2265c7bd4e5fda3
12584,58d40c73c3666e58695bfd28
12585,5842e5aa2f12c6506319fa42
12605,57b06823c2265c18afeb2d17
12610,57b22997c2265c4d04b0c698
12758,5842dc5a2f12c65063193ed9
12783,57b07664c2265c18afebd981
12866,57b067c7c2265c18afeb2900
12881,583d3cdb2f12c62d968018f5
12933,57b1f86dc2265c1149445f1f
12956,57b1b1f7c2265c11494107b6
12958,59646359f75d3f5b956e010f
13008,57f7323f2f12c61c087e2b8c
13015,57fa1a042f12c63bb8434e72
13019,57b1e2c2c2265c4d04acf0c5
13043,5a5be6c6e1382313cba3dcdb
13100,5a5be6cbe1382313cba3dcff
13129,5964636ef75d3f5b956e014b
13150,5a5be6d7e1382313cba3dd5c
13162,57b3bf33c2265c3129824f75
13182,5826e3d82f12c65b4ad7c101
13212,57b35fe0c2265c2f5fcd5164
13229,5842bde72f12c6506317373e
13236,57b53dfac2265c45f53048c3
13260,57b2aba1c2265c31297607d2
13286,5865dca28a860383c427ed31
13291,57bb395bc2265c6336e64024
13297,57b2c8f7c2265c32286d8c59
13300,57b2da40c2265c32286e546c
13340,57b3260fc2265c322871bff8
13343,5a58e47ce1382313cb9d1483
13364,57b29c61c2265c312975664d
13371,57b36000c2265c2f5fcd532b
13377,58258f862f12c65b4ac766ce
13383,58664c2f2f12c6594b924492
13394,57b33a56c2265c2f5fcb36c2
13402,586cf9f5c2265c6ef904b75c
13478,57b2c79bc2265c32286d806c
13479,57b3d716c2265c322879ac3d
13498,58664ba82f12c6594b92422c
13509,57b32437c2265c322871ab10
13571,57b2c8f7c2265c32286d8c5a
13597,5842bdd52f12c650631735f2
13605,57b32429c2265c322871a9f5
13608,58664c1d2f12c6594b92442d
13667,5826c34d2f12c65b4ad5fa3d
13669,5842bdd52f12c650631735f3
13718,57bdff0ac2265c419874401f
13741,57b3e9e1c2265c2f5fd41477
13743,57b38d39c2265c3228768559
13780,57b42958c2265c32287cf92f
13784,57b3e9eac2265c2f5fd41509
13798,5bae91cadc9c5352aed39d4e
13858,57bdfefdc2265c4198743f27
13889,58d1694bc3666e0c252b408a
13919,57c09bebc2265c69d1621620
13944,586648908a860383c42b317c
13998,57bdff14c2265c41987440eb
14018,58543ac9c3666e9c553d3a82
14145,57b35b27c2265c2f5fcd112f
14176,57b3d71ec2265c322879acd8
14204,57b3246fc2265c322871ad5c
14253,57b34d28c2265c2f5fcc3913
14268,57c4940cc2265c2fee0e4518
14302,57b3eb4ac2265c2f5fd42288
14370,5826e4442f12c65b4ad7c4b9
14371,5826c3522f12c65b4ad5fa9c
14389,57fc5e1e2f12c6379de10449
14404,5826c34d2f12c65b4ad5fa3f
14406,57de97732f12c64332112156
14471,5b99bc18c7403174bbe40c15
14475,595ce7bbc3666eae19a49970
14502,597969b8c3666ec49bc96f8d
14508,5826c3422f12c65b4ad5f9a7
14557,57de97472f12c64332112000
14593,57c8a17bc2265c2da53631fe
14738,57f716392f12c61c087d068d
14741,5826c3432f12c65b4ad5f9b2
14774,57bb36d3c2265c6336e62615
14791,5826c3462f12c65b4ad5f9de
14795,5826c3432f12c65b4ad5f9b3
14798,57b3fcaec2265c32287b3dfc
14804,595ce7d1c3666eae19a499a9
14810,57b35ffcc2265c2f5fcd52c6
14821,5826e4432f12c65b4ad7c4a8
14823,57c09c37c2265c69d1621715
14855,57de97aa2f12c643321123b9
14874,57f6e2112f12c61c087a96aa
14935,57fda4402f12c67805d73354
14943,59646716f75d3f5b956e09bc
14964,586dbb28c2265c6ef905af08
14971,595bf6e5c3666eae19a29b2e
15071,5969d604f75d3f3fa8bf881a
15150,57ddff492f12c643320cd1f1
15196,582621d42f12c65b4acd88dd
15202,595bf6e5c3666eae19a29b2f
15224,5826821b2f12c65b4ad2ad03
15288,5a48bfb9e138237e2f658e9a
15296,5a2517d3e13823810de46b26
15317,57f718f02f12c61c087d252f
15436,583d39112f12c62d967feaa5
15440,5808c3462f12c606002cb6f5
15448,5808c2aa2f12c606002cb4ef
15475,5a0f1bdfe13823d89d472d14
15506,5a4bf46ae13823aa8197d5a4
15521,5808b6a72f12c606002c6568
15572,57f6e36a2f12c61c087aa7da
15578,5808c3402f12c606002cb672
15590,5808b6a82f12c606002c657d
15612,5865dca28a860383c427ed2f
15623,5865dcb88a860383c427edea
15666,5826229b2f12c65b4acd92c2
15676,58349f232f12c6784e9fd93e
15706,586cf988c2265c6ef904b648
15721,5af8e136e1382358ea0ba4ef
15724,5826796a2f12c65b4ad223ad
15732,58348de82f12c6784e9f860a
15746,583c06882f12c63dcf90a957
15750,5834660e2f12c6784e9e9e50
15783,588f7b9ba69295451bb841bd
15793,588fde12c5480e2eb71e0abe
15896,582682142f12c65b4ad2ac3e
15930,5808b6982f12c606002c64a8
15942,5a563cb4e1382397774f0f00
16008,584eef0f2f12c65e4838df91
16034,584f4ec22f12c65e483cd3af
16041,585cec07c3666eca4a5b063c
16063,58340c3f2f12c6784e9c2907
16079,5a03be3ee1382355e4797681
16083,585a93fa8a86032457258355
16123,58340be32f12c6784e9c27a1
16152,585a942a8a860324572584c1
16170,58340be62f12c6784e9c27c0
16174,585a942a8a860324572584c0
16178,58340ce12f12c6784e9c2b2d
16209,5865dd898a860383c427f4b2
16227,590036c3c3666e23f2f7ad09
16242,58fe51c1c3666e72c0501dcd
16260,5a62ac4ee13823b92f2371b9
16286,5865df058a860383c427fccf
16346,585a942a8a860324572584c2
16398,583467b32f12c6784e9eaa94
16401,585a93fa8a86032457258356
16478,5834960e2f12c6784e9faaa1
16488,59b85850c3666e31eb02bc62
16519,5826f9062f12c65b4ad8ecd6
16522,584f2ff52f12c65e483b62b3
16527,58340c142f12c6784e9c283d
16533,585a94148a8603245725840e
16569,584f26a52f12c65e483aedc7
16614,5862c474c3666e4bc3a908a2
16631,5862c440c3666e4bc3a90696
16652,5916a21de13823a1fc901b11
16684,5972afc8c3666e4781eaa905
16697,589d07bbc2265c68c7cf4b30
16705,58fe5561c3666e72c05021c5
16710,5a59d164e13823b98a751643
16740,5874b7bbc2265c2da8695523
16771,5a59d164e13823b98a751642
16773,58d955c7c3666e60a5af74c9
16800,5979cf3ec3666e04a1449e55
16810,584f26f72f12c65e483af163
16816,583ba2722f12c64842e42cea
16821,590939c7c3666ec801d51cf6
16830,5874b7acc2265c2da86954fe
16840,5865be268a860383c42720e6
16857,5a39a2cbe138235d31202e03
16904,5a6180bce1382339adc8beeb
16920,588fdff63816927301388a06
16935,58fe5585c3666e72c0502267
16961,58d2c1e1c3666e46fced2e6f
17007,5865af378a860383c426ce33
17020,58966ea5c2265c3658c55ca1
17034,5b32843ee1382382d19fdd43
17051,58b46a6fc3666e8369c07bf4
17062,59ac8f2ce138231a3b483985
17092,5a58e68ae1382313cb9d1ca4
17117,586dbb4ec2265c6ef905b0b8
17163,58d2c651c3666e46fced4d98
17195,5b30831ee1382357ac5ac888
17199,588fe687f7a31443fe601349
17203,5ba50ba6965594783a71f8a2
17209,588fe40d38169273013896c7
17222,58b46c1ac3666e8369c09250
17239,586e88b4c2265c4f4120977e
17283,5936a4b1e138231232723eb9
17297,59b97babc3666e31eb048eb7
17377,5a590cf2e13823b98a739091
17429,5a243255e1382342a4fd0aee
17486,5a24308de1382342a4fd04ef
17511,5916af9ae13823a1fc9027f4
17520,5b0baca1e1382318b824e6ba
17527,58b46c92c3666e8369c098de
17532,59367b31e138230d78167458
17534,5928e8c3e138232f1eecf34e
17544,59c9b088e1382301409c47a6
17545,5aa173d2e138238318da0601
17555,5865bc818a860383c4271333
17558,5936a4b1e138231232723eba
17560,588f7358fa49c817024c374c
17569,5ab2970ae13823388d97432e
17608,5a243255e1382342a4fd0af1
17686,58799498c2265c3ba71c4193
17726,595bfe37c3666eae19a2ad72
17739,59139e1ec3666e0df027196e
17742,5a2adac8e138239440bc98e2
17777,5b3d7767e138235f75ae4745
17809,58d95866c3666e60a5af9205
17844,58e537adc3666e039f46cde5
17898,5badb67096559408aea1805c
17943,58967206c2265c3658c57fa7
18000,5badb67096559408aea18061
18061,58bda555c3666e1f930b3fea
18092,5b36c783e1382391549e905b
18095,59139e17c3666e0df0271948
18096,595bfe21c3666eae19a2ad2f
18171,59b5842ec3666e31ebfd699e
18200,5aa8093be13823b426ba9ea5
18214,5a4caeb5e138237f717c0314
18253,59ead5a6e1382393ec51e4ac
18316,5d934443bf3b727bcefdc7eb
18378,5aa80941e13823b426ba9ece
18415,5b3b5490e1382301a89dc95c
18462,5b1731e2e1382340cbcb3bbd
18490,5d93380abf3b727bcefda035
18528,5a1b0133e13823a98c249992
18548,5d9466c0bf3b727bce00fafa
18562,59639ddff75d3f5b956c5a4e
18594,5a9ed0d5e13823ea8e721964
18605,58d95a44c3666e60a5afa9a9
18647,58bda65fc3666e1f930b4bf0
18695,5d82af55b5672702897b2ed7
18706,5ee071763edbe71b2f726700
18800,59afbac96f02d541ba08f60b
18846,58e686ecc3666e27ecc60248
18849,5ec820ea7116c36f1b2b9e4c
18890,595e1030f75d3f8b144e1d21
18954,5ca56ca483379e42cc170391
18984,58deeb00e1382349e4a80a56
18992,5bc8104c052622504ece8032
19007,58f10f0ac3666e659cc901a9
19038,58e686ebc3666e27ecc6022c
19054,5ee0775e3edbe71b2f8896e4
19058,5d724c46a3dff766b5ac1337
19154,58e6856bc3666e27ecc5f107
19253,58ebc8b0c3666e1ea0ccff05
19256,5900fb95c3666e5160fe7155
19340,5af937d0e1382358ea0c6c5c
19347,59094b98c3666ec801d56e64
19390,5d832bf7b56727028980f14b
19395,59a8ef35c3666e89bb98b8c1
19465,59159aefe138237355c63bbd
19470,595c07dac3666eae19a2c518
19480,5962706ff75d3fed348edb90
19586,58e686eac3666e27ecc60223
19610,5ee070943edbe71b2f6ec5f3
19642,5ecf0cc6a256e4012e10a803
19658,596270a0f75d3fed348edc87
19661,5969e182f75d3f3fa8bf99ac
19676,595c0801c3666eae19a2c58b
19678,5ec7fb7f7116c36f1b517afc
19682,5ee07e1f3edbe71b2fa004ce
19721,596276dcf75d3fed348f0023
19732,590a3451c3666e10e3be0c79
19735,5a6f59f8e138230ea2bcf2e2
19749,5ec81f967116c36f1b235b95
19755,5a628a30e138238c0448da92
19825,5a4bcaf5e13823d36c45dc05
19838,58fe796ec3666e72c05065b2
19844,5a61ef4ce1382383982f91eb
19860,5a6f5a81e138230ea2bcf3da
19897,596276d4f75d3fed348effe2
19910,5919ea61e13823715b9b6cb5
19929,5b989e13c740312bab1d4b17
19968,59b9d13dc3666e31eb05508a
19996,5a6f598ce138230ea2bcf228
20002,5d81ecb7b5672702896df644
20056,59a95bcbd828f4b3478a83a2
20120,59a95bcbd828f4b3478a83a3
20138,5a62c055e13823a583b800a9
20150,59a95ba8d828f4b3478a8321
20197,5ec8322d7116c36f1b835835
20219,5d81f52ab5672702896e490d
20220,59b9d061c3666e31eb054f25
20268,5a5ee0f4e13823fcaa308402
20271,5a5aeac5e1382313cba2530e
20305,5a6f598ce138230ea2bcf226
20311,59145fe9e13823864591922c
20350,5979d195c3666e80372e34f7
20364,5a6f598ce138230ea2bcf227
20404,5a6f5a80e138230ea2bcf3d8
20408,5a580223e1382303078bb22a
20411,5a5f36b2e138231cfe156aef
20481,595c6530c3666eae19a37c4e
20526,59a952e7e1382383fea4c6a2
20528,5a6f59ece138230ea2bcf283
20541,5a5ee70fe13823297ca17a8e
20551,5a6f5a81e138230ea2bcf3d9
20567,5b989e13c740312bab1d4b18
20586,59145fe0e138238645919216
20602,5a6f59e9e138230ea2bcf261
20605,59b9cfc6c3666e31eb054d61
20749,5931be87e138237d4ed0ec91
20754,5a62c0b0e1382367c6b4fef8
20810,5931c088e138237d4ed0ee84
20941,5a7dd8b3e138236ab92dbdf0
20950,595cbaa2c3666eae19a43089
20981,5a7dd893e138236ab92dbd18
21014,5a7dd881e138236ab92dbcae
21060,595bc828c3666eae19a21e47
21063,59b6274dc3666e31ebff2700
21106,5d812216a0f0f31b1c5951c2
21110,5b9a95c5c7403174bbf2c419
21182,5a2d79cbe138235fd726977a
21243,595c18a7c3666eae19a2e59e
21266,5a465aafe13823fedfdb4e00
21283,5931be87e138237d4ed0ec96
21306,5931c057e138237d4ed0ee62
21494,593ff0ffe138230b3983925a
21522,5931c057e138237d4ed0ee61
21526,5a48dbc0e138237e2f659741
21538,59700db0c3666e0976ed9c61
21542,5a48d789e138237e2f659621
21574,595bc831c3666eae19a21e5e
21660,5d80a5cea0f0f31b1c4ed0c1
21661,5badb82596559408aea1b6da
21676,5b9a95c5c7403174bbf2c41a
21681,5a7dd8a9e138236ab92dbdb0
21698,5a590728e138230d0c2af9ef
21769,5badb6d596559408aea18c12
21784,5a602f89e1382339adc6acc1
21794,5a2d7c28e138235fd726a142
21813,5929f7e5e138238f0e3ddf76
21832,5a48dbc3e138237e2f65974c
21851,5959e5e1c3666e24dc0f36f9
21877,595bc834c3666eae19a21e6d
21916,59b02004e13823f9491e9ef6
21953,595a5ea8c3666e67c60bf77b
21954,5931c091e138237d4ed0eea1
21998,5a602ad7e1382339adc6abea
22004,5969edc9f75d3f3fa8bfadf7
22108,5a4c9b84e13823297a69a5be
22118,59b6cff3c3666e31eb003c98
22121,5ca56c5983379e42cc16b24f
22129,595e346ff75d3f8b144e770d
22143,595c2c0bc3666eae19a30555
22175,5a60bbdee138230e67e9a191
22212,5a6189e1e138230ced1bd791
22228,5b07b528e138234f4214edf1
22241,595bd747c3666eae19a2452e
22290,5a5feabbe13823589225d9e2
22334,596d9414c3666e191a815042
22340,5ca56dd883379e42cc18432d
22357,5a626be0e138230be2ac40dd
22382,59663bfbf75d3f5b95710ee4
22423,59b445ebc3666e31ebf9e1f9
22444,5a6f593ce13823a92cb9cdb6
22473,5a626be0e138230be2ac40dc
22482,5b3b6c35e13823dbada1b664
22550,5a4c9806e13823b328801e8e
22578,595c3037c3666eae19a30c49
22647,5a626c67e138230be2ac422b
22656,597aef8ec3666e24dc90e866
22716,5969f48af75d3f3fa8bfb9bd
22732,5a626c2ee138230be2ac4180
22751,5979ee45c3666e80372e5664
22754,5a626c4be138230be2ac41dc
22779,5ca56ee683379e42cc1961e8
22787,59b5bb15c3666e31ebfe33e1
22797,5a626c4ce138230be2ac41de
22848,5a60bbdde138230e67e9a190
22858,5a256a01e13823086c92bb15
22861,595ef622f75d3f7286d4d4f4
22901,5ec81c6b7116c36f1b0fcbb2
22910,59b2e262c3666e31ebf7b997
22920,5a565720e13823ba14d1b9ea
22996,59b5bb0ec3666e31ebfe3386
23019,5a56625de13823ccf1ac3538
23067,595c2bb5c3666eae19a30478
23130,59b5bb02c3666e31ebfe334f
23134,5ca5717083379e42cc1c1d7c
23162,59ad853ee138239cce6d007d
23223,5979f44dc3666e80372e5da4
23250,5a6f593fe13823a92cb9cdc3
23264,5a6f58f6e13823a92cb9cd7f
23303,5d802e8ba0f0f31b1c484766
23318,5a9d7f38e1382376f2d0c97b
23320,595c2bb5c3666eae19a3047d
23324,5a626c60e138230be2ac4212
23345,5a6f593ce13823a92cb9cdb5
23382,595e3452f75d3f8b144e76cb
23427,5a6f58f1e13823a92cb9cd58
23441,596d9414c3666e191a815041
23462,595e32f7f75d3f8b144e731e
23503,5966b120f75d3f5b9571887e
23581,59edf6aae138230a87cc08ba
23592,59e5f50de138234c81f543df
23593,59b5bb12c3666e31ebfe33b7
23599,5a5feabae13823589225d9db
23621,5d72f4bfa3dff766b5b15847
23636,59ed0f86e1382393ec54cc41
23673,5a6f593fe13823a92cb9cdc2
23696,5a2a7867e138239440bc10ad
23709,59b2ecdec3666e31ebf7cc07
23738,59b270acc3666e31ebf7479e
23801,59b270a3c3666e31ebf74784
23859,5a2a7889e138239440bc1113
23973,5a626db7e138230be2ac42f3
24008,59b2726fc3666e31ebf747ed
24020,5a4c1c3de13823366e4d7cf3
24047,5b3b8719e13823fbf2d4f066
24053,5aa80bd3e13823e8207cdf96
24076,5969fd40f75d3f3fa8bfc8b1
24081,59bf12b9e1382368659ef48f
24170,5a2ca55de138235fd7246188
24191,59b2726fc3666e31ebf747ec
24212,59b2708fc3666e31ebf74727
24239,59b2708fc3666e31ebf74726
24247,59b270b8c3666e31ebf747cf
24250,5aa80baee13823e8207cde82
24281,59b27095c3666e31ebf74737
24380,59b270a3c3666e31ebf74783
24403,5ac1f713e1382313bb7a4b43
24433,5a91ae04e138236ae5454c1b
24451,59b27276c3666e31ebf747f8
24522,59c80dc3e1382325015d96f3
24559,59b270acc3666e31ebf747a1
24626,5a2ca1ebe138235fd724550b
24691,5969fc7af75d3f3fa8bfc756
24694,59b270a3c3666e31ebf74781
24698,5b99b7adc7403174bbe3753b
24718,59b2ecc0c3666e31ebf7cb91
24729,59ed12ace1382393ec54de01
24738,5a009eb6e13823c1c4b8708e
24739,5aa024b2e13823bce8c530c5
24750,5a5f1489e138235892258fed
24833,59b2726fc3666e31ebf747f6
24900,59b206e3e13823c5f717f74e
24918,59ed1308e1382393ec54de36
24937,59b270a3c3666e31ebf74786
24942,5a594ee1e13823b98a744156
24981,59ed1308e1382393ec54de37
24992,59b9addac3666e31eb050952
24999,59ed131ae1382393ec54de7f
25014,5a2a7880e138239440bc10fb
25032,5a6f59c0e138239db92e1f9f
25038,5a5aff60e1382313cba29029
25058,59b2726fc3666e31ebf747f7
25099,59c69e0de138233afd73ad63
25101,5a0de3bee13823130367be25
25111,59b270b8c3666e31ebf747cb
25145,59ed3fc7e13823c3adb73707
25175,5b23f87fe13823fbc1734f8e
25176,5a188c1ee13823a98c2406c4
25210,5a596354e1382313cb9edeb7
25229,59c85c0de13823733135fe1b
25378,5aabfe94e13823432cc77ee2
25408,5aa80ab8e13823b426baa63d
25428,5a7cea82e1382323a7838e89
25433,5a58b51fe1382313cb9ca260
25478,59ed3fc7e13823c3adb73706
25491,5a618d3be13823724e810a89
25494,5a4cccf3e13823297a69af16
25529,5a67d2d9e138230f53b26d8e
25578,5aa80a61e13823b426baa405
25588,5ba4cd7c965594783a6deec4
25610,5a5ffab8e13823d7ba9aa100
25631,5a67d2fee138230f53b26eb3
25654,59c81078e1382325015da054
25746,5a67d2fee138230f53b26eb2
25772,5a5ffab7e13823d7ba9aa0ff
25783,5aa80a7fe13823b426baa4aa
25792,5ba4cd7c965594783a6deec5
25823,59bf1859e1382368659efec4
25837,59ed186ae1382393ec54f98e
25843,5a2cb41ee138235fd7248d83
25875,5a67d2d9e138230f53b26d8d
25878,5ec818e97116c36f1bfe463d
25908,5b2be1a3e13823f3ff3411fc
25909,5a2cd52be138235fd724f6e0
25921,59b7c1eac3666e31eb01b352
25958,59c81056e1382325015d9f9c
25998,5aa80ab7e13823b426baa63a
26009,5a48d17ce138233e6cebf864
26075,5a18899ae13823a98c23fdbc
26078,59b9b7fdc3666e31eb0524ee
26109,5bbce575052622662b53ef8e
26145,5a18899ae13823a98c23fdbb
26181,5a9d7f7ae1382376f2d0cb7c
26225,59b90be6c3666e31eb03d3f0
26236,5a67d2d9e138230f53b26d8f
26273,59e05180e1382386b1f0297a
26284,5a67d325e138230f53b26ffa
26353,5a67d314e138230f53b26f67
26422,5a3b8429e13823afdeecac8f
26427,59bf4c60e1382368659f1ca5
26459,5ac2ac42e13823a897770aad
26489,5a2cbd50e138235fd724ace9
26511,59c81056e1382325015d9f9d
26591,59ed1b25e1382393ec550767
26600,5ec819fa7116c36f1b04cd70
26649,5a22eac0e138239d0ff347ea
26872,5ec8316a7116c36f1b8048f3
26912,5a403411e13823301ce33cbb
26951,59e2651fe13823d5d9553eff
26968,5a2c2bf7e138235fd722e2f2
27048,5a3c4f84e138236908e6f35d
27088,5b9a95b4c7403174bbf2c323
27124,5b2be19be13823a76cc2d765
27152,5a62adbfe13823496556e276
27206,5a73505ce138233c61c3fe8d
27241,5b200297e138235a7c21e4c0
27308,5ab14851e13823a36b658b2d
27341,5aea35c0e138235faeb3f421
27428,5a596691e1382313cb9ee8d5
27639,5a58e464e13823b98a733b7b
27651,5a02d93de1382355e478c1f1
27691,5a0df84be13823d89d46b2d4
27738,5a0deba8e13823d89d469f36
27811,59ea5ee9e1382393ec514a9a
27854,5a2c2881e138235fd722d8c7
27901,5a5b19c0e13823b98a771f79
27915,5ab146d7e13823a36b6588d0
27930,5a60532ae13823184690ea46
27935,5acaf3e8e138231224d7fcbc
27942,59bff1fee1382368659f8d75
28073,5a0df6b7e13823d89d46aff7
28112,59bff1dee1382368659f8d58
28113,5a2c2bf7e138235fd722e2f1
28126,5ab14681e13823a36b6587a8
28151,5a2c2bf7e138235fd722e2f0
28158,5a4013f9e13823301ce328e9
28236,5a403a27e13823301ce33d0a
28256,5ab3e8a7e13823cbed8f257e
28304,5a2c2bd5e138235fd722e241
28338,5a5965c4e1382313cb9ee5e0
28519,5a49080ae138233e6cebff11
28557,5a5903ace1382313cb9d78c1
28601,5a62ad71e13823b92f23744c
28715,5becbb66b321c619c5f58e5c
28717,5bfd5a5072e122187897482d
28744,5ec82ca67116c36f1b69aa16
28847,5a44bdfee13823366e4d05d5
28891,5a2f7e50e13823311bdcc150
28933,5b9f4dae0bcd892854455835
28988,5a62ca40e138234965571e18
28999,5a60fbf2e1382339adc741ae
29060,5a4259fde138236121f5fbc6
29068,5b36ebc2e1382369555258c4
29248,5a38d344e138231252d44639
29263,5a503acfe13823949ac35b85
29321,5a2c9785e138235fd724376e
29355,5aff3e41e13823c345756d7d
29384,5b9a98fec7403174bbf2f36e
29391,5a2c31dfe138235fd722f962
29407,5b9ab135c7403174bbf47d94
29419,5a55f82be13823cd33b93a05
29440,5a70bfe3e1382378590cf295
29554,5ec8160d7116c36f1bed8d8a
29555,5b3b6823e1382301a89e0a8e
29731,5a60fd50e13823184691855a
29789,5acba500e138234b3f71c88b
29968,5a4970b8e13823fedfdb5e81
29974,5ab3ea4de13823c822c1fd7a
30285,5ab54f95e138238774e90443
30411,5a3897bde138235db0d49d63
30540,5a389e28e138235db0d49fc7
30568,5a628f50e138238c0448ec70
30585,5a628ef3e13823a583b7929d
30592,5a384cd8e138230afac30ac6
30704,5a42eee2e138230337bd2db8
30827,5ec829357116c36f1b556f80
30978,5ec8150b7116c36f1be7ce66
31121,5aa80bf4e13823b426baaea0
31468,5a6292e3e138230be2aca22c
31623,5ab54fd3e138238774e905b5
31741,5ca56ea983379e42cc1922a6
31752,5a59ed50e1382313cba01b62
32159,5a41640ee138235c4ac30cca
32162,5a62bbeee1382367c6b4f460
32172,5b19db38e13823cdfaee062c
32214,5a613ee0e1382339adc81100
32346,5ace0d32e13823d911853a11
32460,5d24fff9edf8e93f01dc114b
32485,5aaff74de1382342f0da633f
32530,5ee07ecd3edbe71b2fa22978
32539,5eddca7421923f389f5e5ba4
32660,5aaff77ae1382342f0da63e0
32691,5ee074ed3edbe71b2f7f4c82
32709,5ad4e650e138234862f987f0
32743,5ab55b52e138238774e942dc
32792,5ee07dee3edbe71b2f9f76a5
32800,5aaff757e1382342f0da6361
32868,5aaff757e1382342f0da6360
32879,5ee077dd3edbe71b2f8a51bd
32901,5ee071593edbe71b2f71f0a8
32908,5ee073fb3edbe71b2f7bb497
32921,5aaff747e1382342f0da631d
32978,5b98a028c740312bab1d6497
32998,5aaff75de1382342f0da637b
33007,5ee072ac3edbe71b2f76be2c
33015,5aaff75de1382342f0da6379
33254,5ee071b53edbe71b2f7360ec
33315,5ec82c207116c36f1b66895f
33359,5ca571bf83379e42cc1c78e4
33376,5bdad55f5889af675235ef6d
33391,5ee073073edbe71b2f78351f
33439,5a7dd976e13823fe49823481
33443,5eddc7a721923f389f521c73
33499,5ec7bc98bd901242590163b1
33515,5be2d5a55889af3a088a7241
33528,5b33e9bde13823ae2ffe311f
33554,5aaff764e1382342f0da638d
33657,5b080ab0e138234f4215df8f
33705,5a62b062e13823a583b7e736
33723,5aaff778e1382342f0da63d2
33740,5aaff749e1382342f0da632b
33820,5aaff774e1382342f0da63c6
33867,5ba4bc9d965594783a6c7c65
33886,5b387ccde138230803f1ada6
33914,5ee07e7c3edbe71b2fa137fa
33925,5ec82c267116c36f1b66b297
33931,5ee073653edbe71b2f7998c6
33951,5ae20ff8e138234c3a0d67ed
33961,5a60ed59e1382318469154f0
34009,5ac2a831e138230ff706fc2d
34027,5ec936363cdef0087ee1eb48
34032,5b33e9d1e13823ae2ffe317c
34181,5ae21005e138234c3a0d6841
34191,5ec7f1177116c36f1b1119e8
34195,5aaff775e1382342f0da63ce
34215,5ba62462965594783a8c39c2
34231,5ae21012e138234c3a0d68ae
34242,5ec7f1177116c36f1b1118b7
34257,5b33e912e13823ae2ffe2fda
34268,5ae20fbce138234c3a0d6612
34318,5ec936363cdef0087ee1ecc3
34319,5ad4e64de138234862f987ef
34339,5b33e9a9e13823ae2ffe30c2
34363,5a6f5bf3e138239db92e26f0
34420,5ee075c83edbe71b2f82b93a
34435,5af8e84ee1382358ea0bba31
34459,5eddca7521923f389f5e5bc7
34474,5aaff75de1382342f0da637a
34480,5b33e877e13823ae2ffe2ed8
34484,5aaff76fe1382342f0da63b8
34513,5bfd3f5672e122187896f77b
34521,5ae20fe3e138234c3a0d674b
34522,5ee078103edbe71b2f8b2754
34560,5ee07b283edbe71b2f965455
34565,5ec831017116c36f1b7e1628
34595,5ee07f0d3edbe71b2fa2eb76
34706,5ec82c267116c36f1b66b205
34766,5ec936363cdef0087ee1eb6e
34816,5aaff774e1382342f0da63c3
34821,5ec82e5a7116c36f1b74feeb
34822,5eddca7521923f389f5e5bda
34892,5bc850e90526222b533b496a
34918,5ee0783e3edbe71b2f8bdace
34951,5ee079903edbe71b2f90b0e8
34956,5b23f925e138232cf355f33a
34961,5ec830fe7116c36f1b7e04d4
34964,5aaff74de1382342f0da633e
34967,5aaff76ae1382342f0da63a6
34997,5aaff74ce1382342f0da632f
35013,5aaff748e1382342f0da631f
35027,5eddca7421923f389f5e5ba7
35052,5ee0739e3edbe71b2f7a6bea
35088,5a7dd98ae13823fe4982352c
35117,5b98ae6dc740312bab1e08f9
35127,5aaff76fe1382342f0da63b9
35217,5a976092e13823dfa0bfa8c2
35336,5a976000e138230e026d8876
35360,5aa4154fe138232f1676d3a6
35394,5a97606ce13823dfa0bfa784
35472,5b2a915ce138232c770197cf
35487,5aaa0153e138230c5ec46095
35508,5a832009e138239274f58f1f
35524,5aa41577e138232f1676d4fe
35611,5b1ac784e13823ccde375f8e
35758,5ac28f18e13823bd3ff9356f
35792,5ac28119e13823bd3ff90160
36007,5aef79a8e13823e15da9b593
36036,5e0a9df4c22d63460d95a988
36046,5b19e3b5e13823cdfaee17dc
36051,5b1ae73ce13823dcdc2f8285
36152,5b157c89e138231eacc4249d
36238,5aa41491e138230ef3807c3c
36277,5bbdac7b0526223570a1f26a
36284,5b34175ce138238919d6d507
36318,5ec80f4c7116c36f1bc7fd3e
36384,5b37da51e13823eb67edf452
36465,5e0c890dbac88d4a12e6cc4d
36473,5ac2cefae13823bd3ff9f0a7
36496,5bae2a7fdc9c5352aec7a9a6
36521,5b341a6ce13823ae2ffe4b6d
36544,5b294041e1382307f9440916
36560,5b29403ae1382307f94408d8
36570,5ee076443edbe71b2f849f48
36591,5b341a76e13823ae2ffe4b9b
36626,5e0f1be4c20d2e36eb1d3dac
36657,5abd34b7e138232d98248c93
36689,5ec936923cdef0087ee40759
36720,5d2683289a79d50d1a5f0949
36750,5bbdac7b0526223570a1f26f
36779,5baf32bb052622124a230b73
36818,5b1734a9e138237db3ea5b88
36824,5af2cee2e1382312e5a600d9
36907,5acbca5ae13823d9118523cb
36959,5bbdac7b0526223570a1f26e
36960,5d2682fd9a79d50d1a5f07f3
37116,5d2683009a79d50d1a5f0821
37138,5b341759e138238919d6d4f9
37153,5e0f5ddcc20d2e36eb22240d
37213,5b3126fee1382357ac5b126b
37247,5e0d23cdbac88d4a12eecb04
37255,5acafb1de138231224d8229a
37277,5b341a67e13823ae2ffe4b5f
37281,5d26773f9a79d50d1a5ee476
37283,5b1734a9e138237db3ea5b8d
37311,5b38831fe13823eb67ee4d92
37313,5bc81a49052622504ecf0993
37341,5af2cf35e1382312e5a603a0
37348,5d2606409a79d50d1a5df5da
37353,5b0cfa4ce13823838764a485
37366,5c0ab8247bf9746eb2cd9f38
37468,5e104d04c20d2e36eb3004bc
37575,5b0cfa4ce13823838764a484
37704,5b1478f2e138231bb66d4c74
37794,5bcff89c05262221bb1cc244
37813,5b0cf961e13823838764a43e
37832,5b37e132e138230803f17711
37879,5ca5804d83379e42cc2cbd79
37971,5b102275e138232e9c81c28e
38066,5b0cfa88e13823838764a4fa
38088,5d70ef9f70bd387e38ada57a
38151,5afa5d4ee1382373910e2329
38153,5b13c56de138231bb66cd8d4
38252,5ae0ca57e13823b1713524a2
38357,5b0fda09e138232e9c808c1f
38473,5ec8095c7116c36f1b9d83d9
38546,5bc848200526222b533ab616
38553,5e70afc1cbc7b45805eae92c
38558,5b3878f4e1382391549f31c7
38573,5e70af6bcbc7b45805eae19b
38624,5ec9361b3cdef0087ee1103c
38630,5e70b0cecbc7b45805eb05ca
38727,5b4b0633e1382311b8f27a5e
38852,5ec82b697116c36f1b61e098
38918,5e724af1f160574ecff588fe
38951,5e70b08fcbc7b45805eaff66
38962,5e70ae89cbc7b45805eacc9c
38979,5e70b130cbc7b45805eb10e2
39086,5b98ff61c7403174bbdfc8ef
39111,5e70af0bcbc7b45805eadb21
39234,5e6889a10593f011982b6e59
39257,5e6889310593f011982b6ae5
39376,5ecf0a32a256e4012e03fa27
39426,5e6889a10593f011982b6e58
39431,5b98ae52c740312bab1e076f
39452,5b493764e1382311b8f0f416
39486,5e6889a10593f011982b6e53
39527,5bd6b6b35889af78c8a8481c
39558,5b97b943c740312bab15e7be
39570,5e6889310593f011982b6ae2
39667,5b99c543c7403174bbe53adf
39678,5b9a4761c7403174bbecfad4
39691,5ec937083cdef0087ee89066
39730,5b98a557c740312bab1da128
39738,5e6889310593f011982b6ae1
39748,5ca223a47e614a1ea4495f3c
39754,5ecf0a23a256e4012e03b30e
39766,5b98ae52c740312bab1e076c
39788,5e7067cfcbc7b45805e54e1e
39805,5b98ae52c740312bab1e076b
39818,5ecf0a23a256e4012e03b533
39855,5ecf0a32a256e4012e03fa23
39889,5e70683bcbc7b45805e557b2
39893,5e6889310593f011982b6ae7
39929,5b98ae52c740312bab1e076e
39988,5c0f12a97bf97453f9302de5
39999,5b978c9bc740312bab14b04b
40011,5bae9217dc9c5352aed3acd6
40031,5e7066ffcbc7b45805e53aca
40057,5ec935573cdef0087edc6c17
40074,5ca23e997e614a1ea44cdf12
40101,5b98ae52c740312bab1e076d
40165,5c9e094997153c3aa092e956
40204,5c9e5e4f97153c3aa0a2902f
40288,5bae2cc2dc9c5352aec7e488
40322,5c9e2d7397153c3aa09a4f74
40389,5bae2cc2dc9c5352aec7e483
40424,5ec7fd0c7116c36f1b5be423
40452,5c9e094997153c3aa092e950
40469,5ca1fb037e614a1ea4441bd7
40485,5c9e094997153c3aa092e951
40535,5c9e594397153c3aa0a21ce0
40544,5bae2cc5dc9c5352aec7e4f1
40587,5c9e183797153c3aa095997e
40613,5c9e2f0197153c3aa09a897a
40642,5ec7fd0a7116c36f1b5be042
40662,5c9e094997153c3aa092e952
40677,5bbda4590526223570a17efc
40751,5c9e094997153c3aa092e953
40767,5b9624e3680ab74ec3cd6b7f
40774,5bae2cc5dc9c5352aec7e4eb
40812,5bae6b2fdc9c5352aeced30f
40814,5bae2cc2dc9c5352aec7e480
40842,5bd164b85889af46e52345f3
40843,5c9e094997153c3aa092e954
40882,5c9e08df97153c3aa092dabb
40895,5e79b09372a45719f293cb2d
40898,5bae2cc2dc9c5352aec7e47e
40905,5be00c8a5889af43310be904
40937,5b99c285c7403174bbe4ed14
40978,5c9e094997153c3aa092e94d
40994,5c9e59ad97153c3aa0a2307a
41003,5ec7fd0c7116c36f1b5be373
41029,5c9cbb3e3ff5e66246ca360e
41064,5c9c28e13ff5e66246c43363
41068,5c9de33c97153c639b73e879
41072,5c9d8e7c3ff5e632743adb11
41077,5eddc80721923f389f53c69e
41105,5c9dc24d3ff5e63274408a86
41139,5eddc7f221923f389f5369ef
41156,5e2c316a321098171b920ce1
41159,5c9c26b13ff5e66246c40a8b
41172,5c9bb6f63ff5e6628b4a36de
41183,5eddc7f221923f389f5369e1
41210,5c9c262b3ff5e66246c401b3
41212,5c9c2a1e3ff5e66246c444a2
41273,5c9c29703ff5e66246c43b96
41301,5c9bb4cc3ff5e6628b49ed3f
41318,5c9c2a1e3ff5e66246c444a5
41326,5c9c262b3ff5e66246c401b4
41364,5c9de30897153c639b73df89
41372,5c9c26b13ff5e66246c40a83
41384,5c9bb5273ff5e6628b49f2b8
41407,5c9c29703ff5e66246c43b97
41441,5c9bb6523ff5e6628b4a1b21
41451,5c9bb6803ff5e6628b4a2473
41505,5c9bb6523ff5e6628b4a1b22
41512,5c9ddf5197153c639b7393fc
41515,5eddc7f221923f389f5369e4
41527,5c9c28e13ff5e66246c43367
41563,5e62459084fc534e102e69ef
41613,5c0f02047bf97453f92eb461
41631,5c9bb6523ff5e6628b4a1b23
41659,5c9cb8e93ff5e66246ca2b21
41675,5eddc7f221923f389f5369e2
41725,5c9c26b13ff5e66246c40a90
41736,5c9c27203ff5e66246c41096
41740,5c9c28e13ff5e66246c4336f
41748,5c9c26b13ff5e66246c40a8a
41766,5ec834657116c36f1b9097ea
41777,5ec936033cdef0087ee0513c
41782,5c9bb4cc3ff5e6628b49ed35
41859,5c9c27203ff5e66246c41097
41896,5c9bb3d13ff5e6628b49d35f
41929,5c9b8ddd3ff5e6628b441624
41947,5ec834077116c36f1b8e6c8d
42050,5bdffc7c5889af43310b965b
42093,5c9a3f2a8ec4b63a1e9f5880
42101,5ec7e8357116c36f1bd4a9f4
42139,5ee07f593edbe71b2fa3caf7
42144,5bdffc7c5889af43310b965d
42158,5e297267321098171b7ff4f8
42293,5bdffc7c5889af43310b965f
42344,5bdffc7c5889af43310b9660
42350,5bfda32972e12218789836db
42424,5e72ccc1f160574ecf032ebe
42427,5c9b7ce63ff5e6628b411145
42496,5bdffc7c5889af43310b9661
42508,5ec936943cdef0087ee41baa
42566,5ecf097ca256e4012e001059
42753,5c98c7269a60b11438629565
42874,5c98c7899a60b1143862adfc
42988,5c98c7899a60b1143862adf7
43027,5c98d07e9a60b114386510b1
43110,5bf667bab2538c6c7ace30d1
43269,5bfe58d372e12218789a8a94
43280,5e70daa1cbc7b45805eedbf6
43292,5ec808577116c36f1b993e50
43302,5c98bb579a60b11438603e9a
43372,5c982791ee8ae4651220cd13
43432,5d7113ae70bd387e38b1002a
43482,5e00c2167986893be7139cf9
43546,5c81221dee8d4a63e34dddd0
43567,5e00ae937986893be71308a5
43604,5ec82f647116c36f1b789ae6
43605,5e00cba27986893be713df4d
43627,5ec936ce3cdef0087ee68875
43636,5e00a0b27986893be712a365
43686,5ec8264d7116c36f1b48802b
43689,5e00aeda7986893be7130a99
43704,5e02001065848769a49b914c
43720,5c81221dee8d4a63e34dddc6
43748,5ec934883cdef0087ed7558b
43774,5e03a6bfe3959c5c177ef50d
43792,5ee0777d3edbe71b2f88f67d
43812,5ec932d53cdef0087ec05570
43822,5c81221dee8d4a63e34dddcf
43843,5e00cfc27986893be713fca2
43881,5ec8285b7116c36f1b510913
43907,5e03628ae3959c5c177cfac6
43921,5c8122e9ee8d4a63e34ddf3b
43944,5ec825ab7116c36f1b46225e
43947,5c76f6cfee8d4a683fefb6ee
43962,5c811f8dee8d4a63e34dd80a
43971,5e035d3ce3959c5c177ccdc1
43986,5c8122e9ee8d4a63e34ddf2e
44043,5c8122e9ee8d4a63e34ddf34
44075,5c811f8dee8d4a63e34dd806
44079,5e6ae5722497163fc57e06df
44084,5c7740a1ee8d4a683ff00ff8
44115,5e03a68de3959c5c177ef3ef
44136,5c8106baee8d4a63e34db4e0
44168,5c811f8dee8d4a63e34dd805
44187,5c81221dee8d4a63e34dddcd
44207,5c81221dee8d4a63e34dddd4
44210,5ec8267a7116c36f1b4925f4
44216,5c8106baee8d4a63e34db4d5
44222,5e03a69fe3959c5c177ef481
44225,5e03654fe3959c5c177d123b
44262,5c811f8dee8d4a63e34dd809
44265,5e6db3dd445b0d7d13e77ac7
44291,5c8122e9ee8d4a63e34ddf2f
44305,5c8106baee8d4a63e34db4db
44337,5c8122e9ee8d4a63e34ddf40
44385,5c8703b7ee8d4a449eafaf8c
44391,5c8106baee8d4a63e34db4dc
44413,5e275ba9e5ff7d78f90ccd54
44423,5e00c9bd7986893be713d16d
44461,5c8106baee8d4a63e34db4e2
44479,5c8106baee8d4a63e34db4d4
44482,5e03a68de3959c5c177ef3ed
44486,5c7740a1ee8d4a683ff01004
44487,5c81221dee8d4a63e34dddd5
44517,5ec934a53cdef0087ed7dca8
44534,5e03a77ce3959c5c177ef891
44570,5c81221dee8d4a63e34dddc5
44574,5e00c9c27986893be713d17b
44670,5c81221dee8d4a63e34dddcb
44673,5c81221dee8d4a63e34dddc9
44722,5e036506e3959c5c177d0fff
44724,5e03654fe3959c5c177d123e
44726,5e03a69fe3959c5c177ef47d
44731,5e01ad2165848769a499a2d6
44737,5c81221dee8d4a63e34dddd3
44748,5c81221dee8d4a63e34dddcc
44759,5ec936eb3cdef0087ee7c71a
44830,5ec933cf3cdef0087ecd6fa4
44846,5c776d4fee8d4a683ff02228
44916,5e72d9c3bb5f2638f46e1d2f
44999,5df80ad9d457220df473472d
45057,5ce950a08f9d9f41abb3c61e
45092,5cdb30e586b0e46c3daa9c10
45125,5cdb30e286b0e46c3daa9bd8
45136,5ceb04978f9d9f41abb8b75a
45138,5eb9ccdc7532b46f3538ec7d
45143,5cea6f328f9d9f41abb7bfdb
45228,5dfc988b8762b4228e58e3c7
45256,5d71357970bd387e38b43039
45278,5ced469c6f6d8055b0bb2f73
45281,5c99ec348ec4b63a1e957356
45284,5cef3b4d2dd6ef6bf09f5af6
45419,5cef3b962dd6ef6bf09f5b68
45517,5ced467e6f6d8055b0bb2f58
45594,5ec93d163cdef0087e0f5827
45621,5ec92d5d3cdef0087e9dd98a
45650,5cf435282dd6ef6bf0ad954d
45681,5cf40b4c2dd6ef6bf0ad63f9
45718,5da8bfcda249857275625bf7
45730,5cf4351e2dd6ef6bf0ad9345
45734,5cf4821a4daa5307a3f6e970
45741,5ec89c1a401b5029841c9e0d
45745,5ec8998c401b5029840a0f3c
45804,5cf47c234daa5307a3f533f3
45827,5ece2375a377db0347f21b34
45921,5da8bfa8a2498572756256ed
45951,5cf40b4c2dd6ef6bf0ad63fd
46088,5ee07c7e3edbe71b2f9b43a9
46160,5cf188562dd6ef6bf0a4dfae
46196,5ec89bec401b5029841bcd87
46312,5ec8998c401b5029840a0ff9
46416,5ec8a084401b502984438c05
46582,5ec89f2d401b50298438d7d0
46636,5da7ca98a2498572754c6aa3
46643,5da7c9f2a2498572754c626b
46673,5d71524e70bd387e38b78d12
46714,5da84a01a249857275579044
46751,5cf52d4b4daa5307a30c9a61
46845,5ee075ed3edbe71b2f8336f5
46860,5ec8963f401b502984f1a379
46908,5ec89981401b50298409f857
46921,5cf52d494daa5307a30c99a0
46964,5f97ceae0d8fec53592d6e05
47113,5cf4c1c74daa5307a3ffa85f
47248,5ec8a2d8401b50298454bc7b
47256,5d11d8feb5e0826ac6cd8c8e
47310,5ec89ed3401b5029843576f8
47323,5d11d93ab5e0826ac6cd904c
47336,5d11d921b5e0826ac6cd8eb6
47461,5da752bda249857275406e47
47481,5d11d93ab5e0826ac6cd9058
47518,5d11d933b5e0826ac6cd8f9c
47527,5da79da2a24985727547b9fa
47555,5d11d933b5e0826ac6cd8f9b
47597,5d11d93ab5e0826ac6cd9059
47603,5d11d93ab5e0826ac6cd904d
47610,5ec8a291401b50298452d448
47623,5d11c71eb5e0826ac6cb11dc
47660,5d11c721b5e0826ac6cb12ff
47671,5da75b2ba249857275414748
47708,5ee07a973edbe71b2f940de5
47754,5df73e78d457220df470c6cc
47808,5d11c73eb5e0826ac6cb190c
47906,5d11d921b5e0826ac6cd8eb5
47997,5d11cdc6b5e0826ac6cc0396
48040,5e9d64f62f2414474ca68fa7
48072,5ec89d92401b50298426a90d
48075,5ee072a73edbe71b2f76a820
48080,5e7239bdf160574ecff3dc08
48111,5da1f181652fda4b036e5fed
48112,5da1f153652fda4b036e5f5f
48136,5e6b819f445b0d7d13c88cb1
48203,5ea819f3c0a9fd6a8615b5b3
48214,5ece57e7a1e1ba2d698bc873
48246,5ea82ed5c0a9fd6a8617325c
48252,5ec8a1ff401b5029844e24b3
48265,5ea82dccc0a9fd6a861723e3
48318,5ead62156345a24efaf7c1b0
48366,5ec898c6401b5029840560fd
48406,5eaaa5a3a4ee692be47899d6
48508,5da6e993a2498572753513b2
48511,5eac1867a4ee692be48d9fb3
48524,5df6c26bab936e46149c637c
48526,5ead56266345a24efaf6b9f8
48585,5ec931623cdef0087eb4abc4
48648,5da12a9b652fda4b036d4f0b
48656,5e6b821f445b0d7d13c88f4b
48772,5eac1635a4ee692be48d84dd
48773,5da1eeae652fda4b036e5ad9
48833,5d663a4536c34d74d5832e3c
48836,5ec9319a3cdef0087eb5a8c6
48905,5ec9319a3cdef0087eb5a8bf
48928,5ec8a0b5401b50298444e66b
48961,5eb673de4c8f096c08950a59
49032,5ee07d3d3edbe71b2f9d7996
49060,5d65b43e36c34d74d582db4a
49121,5ec8a2ac401b502984537983
49133,5e72680ef160574ecff88520
49185,5ec89917401b502984079337
49213,5ec89ab9401b502984124c13
49267,5d64d94f36c34d74d5824e39
49341,5ec8990c401b502984073f2b
49360,5ee07a873edbe71b2f93d85f
49473,5d6622ce36c34d74d5831bc9
49541,5e726949f160574ecff8a253
49588,5ec938293cdef0087ef4161a
49628,5ec93afa3cdef0087e0382fc
49659,5ec8a2cf401b5029845471c5
49692,5eab41c7a4ee692be4821d3e
49697,5ec89c99401b502984207382
49745,5ec93ecb3cdef0087e18727b
49767,5ec89ca1401b502984208693
49772,5ec93e1c3cdef0087e149d29
49835,5ee07dc33edbe71b2f9ef657
49951,5ead59f56345a24efaf70c83
49996,5ec92ffa3cdef0087eac380e
49997,5e0dc0a41b73de1da403fae4
50076,5ec8a1a7401b5029844bd45b
50084,5ece57cda1e1ba2d698b555e
50091,5ec89d20401b50298423fe56
50235,5ec92fe23cdef0087eabb1a2
50281,5ee0787c3edbe71b2f8c9e37
50321,5e9a2995e2f4b7051846f602
50365,5ec93a903cdef0087e016143
50518,5ece575ba1e1ba2d6989734d
50582,5d7f7986a0f0f31b1c3a8d6b
50654,5da48597652fda4b0373604a
50676,5ece2525a377db0347f642b3
50698,5ece1efea377db0347e83a7b
50738,5ece2c24a377db03471132bb
50764,5ec93d533cdef0087e105ae6
50821,5ec93aa83cdef0087e01d96f
50842,5ee079ce3edbe71b2f916903
50848,5d7f6e65a0f0f31b1c39e7bd
50935,5ee07e383edbe71b2fa058bf
51012,5d7f794aa0f0f31b1c3a8a41
51113,5e9a0e62e2f4b705184509ed
51146,5e24778f478259004731493a
51166,5e2478034782590047315730
51237,5df5c31dab936e46149a4add
51301,5e247298478259004730ae1a
51308,5e24724c478259004730a381
51417,5ec92e623cdef0087ea3ade6
51438,5ee070423edbe71b2f6d7e6d
51477,5ec930093cdef0087eacc344
51499,5e24c7ec47825900473a3ded
51536,5ee0730b3edbe71b2f78443e
51599,5ee075433edbe71b2f809299
51609,5ee077693edbe71b2f88b137
51737,5ee076083edbe71b2f83b125
51778,5e244a7b47825900472bf440
51912,5df55e91ab936e461498493b
51985,5df567dfab936e4614988a0e
51996,5ec937be3cdef0087ef18d18
52009,5ee07e873edbe71b2fa16419
52140,5df55eabab936e4614984a03
52312,5df49e4fab936e4614942fc4
52333,5ece5c1ea1e1ba2d699defe0
52401,5df55e9fab936e46149849a0
52431,5df55ea8ab936e46149849e9
52540,5df567e6ab936e4614988a25
52559,5ec93b163cdef0087e045d62
52562,5ece58fca1e1ba2d6990e505
52564,5ece5b90a1e1ba2d699ba616
52566,5df46d8bab936e46149313a1
52638,5df55e91ab936e4614984941
52653,5df5785bab936e461498e388
52663,5df3b46eab936e46148ede13
52678,5ece581da1e1ba2d698cdf2d
52832,5df5680aab936e4614988b08
52833,5df55e8bab936e461498490a
52856,5ece20efa377db0347ec9b0a
52921,5ec32e4aaeb0ff012b45b354
52930,5ec93aa53cdef0087e01bf36
52933,5ece2acda377db03470ddff9
52954,5e9ca342335ae13d603a52e5
52971,5e242aa04782590047288081
52984,5ec93d9a3cdef0087e11f3f0
53028,5ece2cc3a377db034712da13
53053,5ec93d9a3cdef0087e11f47a
53060,5e241a54297d4543d0c3613d
53103,5e241a59297d4543d0c361ce
53123,5e9bdd48335ae13d602b7c1d
53127,5df343d2ab936e46148c0b32
53138,5e241a2d297d4543d0c35dba
53157,5ec9387e3cdef0087ef5f725
53206,5ec93e2a3cdef0087e152728
53244,5e6d2df3445b0d7d13df05de
53252,5e9c2f15335ae13d60330650
53269,5ece1e20a377db0347e66e62
53310,5ec9387e3cdef0087ef5f851
53349,5eada8c46345a24efafc8965
53375,5e24279f4782590047282ce0
53624,5ece1e4fa377db0347e6d81d
53626,5eaaa39fa4ee692be4786d39
53650,5ed6187c3b3e6922c635877d
53698,5ed702d93b3e6922c645d176
53702,5ed6dfcf3b3e6922c64395ab
53714,5ed6c10f3b3e6922c6414290
